"Scan #687",""
"m/z","Intensity"
"100.01670074463","36.160713195801"
"100.03619384766","69.333335876465"
"100.04383850098","22.333333969116"
"100.05393218994","5.5"
"100.11409759521","60.240383148193"
"100.13575744629","8.25"
"100.62770843506","43.440216064453"
"100.64736175537","5.25"
"101.03485870361","67.083335876465"
"101.04173278809","27.920454025269"
"101.05384063721","10.625"
"101.47798156738","21.208333969116"
"101.65704345703","21.375"
"101.83553314209","14.25"
"101.926902771","88.002449035645"
"101.93852996826","10"
"102.03443145752","5.1607141494751"
"102.04204559326","16"
"102.09065246582","189.15789794922"
"102.10916137695","13.347222328186"
"102.11927032471","6"
"102.12981414795","5.0833334922791"
"102.42681121826","10.125"
"102.51097106934","14.017857551575"
"102.91268157959","19.0178565979"
"103.61357116699","129.47116088867"
"103.63257598877","9.347222328186"
"103.64342498779","7"
"103.65580749512","5.0178570747375"
"103.76114654541","40.360294342041"
"103.95620727539","45.657608032227"
"103.96318817139","25.44642829895"
"103.98680877686","5.013888835907"
"104.43375396729","6.25"
"104.87110137939","29.0625"
"104.88762664795","20.408332824707"
"104.89768981934","14.050000190735"
"104.94383239746","16"
"104.95092773438","8.0178575515747"
"105.07161712646","107.7857131958"
"105.08756256104","25.25"
"105.10138702393","16.125"
"105.12400054932","6.0416665077209"
"105.14701080322","34.125"
"105.16640472412","6.013888835907"
"105.30717468262","15.009614944458"
"105.39827728271","15.017857551575"
"105.41082000732","20.049999237061"
"105.63536071777","26.011363983154"
"105.80335998535","9.0113639831543"
"105.93449401855","126.38293457031"
"105.9440536499","44.666667938232"
"105.95112609863","22.450000762939"
"105.95885467529","8.0625"
"105.98748779297","6.0625"
"106.03018951416","42.226852416992"
"106.04299926758","6.0833334922791"
"106.20040130615","8.0625"
"106.47859191895","8.5625"
"106.58903503418","34.111110687256"
"106.60330963135","10.347222328186"
"107.18347167969","18.0625"
"107.29663085938","15.160714149475"
"107.31147003174","19"
"107.31867218018","10"
"107.43250274658","13.160714149475"
"107.65851593018","9.5625"
"107.85959625244","18.125"
"107.86614990234","10.25"
"107.97362518311","34.799999237061"
"107.98152160645","10.375"
"108.18309783936","44.008335113525"
"108.19548034668","61.625"
"108.21292114258","15.041666984558"
"108.22309112549","5.25"
"108.22969818115","5.3333334922791"
"108.58999633789","71.003204345703"
"108.60384368896","10.035714149475"
"109.03159332275","87.04891204834"
"109.36015319824","21.009614944458"
"109.37331390381","8.4464282989502"
"109.75472259521","103.05921173096"
"109.76499938965","44.778846740723"
"109.77330780029","17.160715103149"
"109.79497528076","24.083333969116"
"109.80439758301","32.571430206299"
"109.81690216064","20.125"
"109.82517242432","7.2249999046326"
"110.01890563965","28.440217971802"
"110.02596282959","11.050000190735"
"110.18776702881","7.3333334922791"
"110.78312683105","13.25"
"110.7981338501","5"
"110.85522460938","32.28125"
"110.8639755249","5"
"111.21419525146","21.347221374512"
"111.36924743652","18.086538314819"
"111.3773651123","5"
"111.72717285156","7.0625"
"111.84635925293","122.33333587646"
"111.85758209229","34"
"112.43339538574","5.0178570747375"
"112.46523284912","34.444442749023"
"112.478515625","20.125"
"112.97114562988","51.385639190674"
"112.98115539551","5.0250000953674"
"113.05987548828","68.111488342285"
"113.07342529297","9.125"
"113.08797454834","43.166667938232"
"113.10304260254","9.009614944458"
"113.39298248291","5.2249999046326"
"113.93794250488","12.017857551575"
"113.94522094727","5"
"113.96324920654","135.44047546387"
"113.98384857178","15.284090995789"
"114.08319854736","23.160715103149"
"114.09362030029","12"
"114.69065856934","57.349998474121"
"114.70491790771","12.009614944458"
"114.71269989014","49.28125"
"114.72037506104","30.920454025269"
"114.73323822021","6.2249999046326"
"115.21620941162","10.125"
"115.69022369385","34.285713195801"
"117.27366638184","8.0500001907349"
"117.42132568359","21.5"
"117.42959594727","9.1607141494751"
"117.96321868896","5"
"117.99270629883","13.5625"
"118.08659362793","84.8125"
"118.10032653809","23.556818008423"
"118.10948944092","8.625"
"118.11892700195","6.625"
"118.21083068848","42"
"118.22142791748","12.25"
"118.83312225342","17.471153259277"
"118.84041595459","17.360294342041"
"118.84718322754","13.680555343628"
"118.85564422607","8.347222328186"
"119.05220031738","24.125"
"119.06008911133","11"
"119.09307098389","41.125"
"119.10166168213","18.013889312744"
"119.11109161377","8.0249996185303"
"119.638671875","14.041666984558"
"119.64747619629","6.25"
"119.91058349609","36.099998474121"
"119.92153167725","12.680555343628"
"120.00275421143","20.8928565979"
"120.01151275635","11.017857551575"
"120.47267150879","28.083333969116"
"120.48216247559","7.75"
"120.56146240234","24.75"
"120.57433319092","54.125"
"120.58515167236","14.03125"
"120.59516143799","18.160715103149"
"121.03205108643","78.059211730957"
"121.04991912842","531.5283203125"
"121.05793762207","143.0625"
"121.06922149658","66.185607910156"
"121.08344268799","17.1428565979"
"121.09325408936","14.166666984558"
"121.10890197754","21.889705657959"
"121.12371063232","6"
"121.13135528564","6.013888835907"
"121.20343017578","9.4464282989502"
"121.39228820801","90.889282226562"
"121.44298553467","56.125"
"121.45044708252","26.22500038147"
"121.80295562744","12.160714149475"
"121.81129455566","53.160713195801"
"121.82412719727","21.166666030884"
"122.03609466553","130.84616088867"
"122.04902648926","38.75"
"122.05804443359","13.449999809265"
"122.07578277588","10.041666984558"
"122.08358764648","7.1607141494751"
"122.36193847656","19"
"122.3709564209","15.041666984558"
"122.71971130371","13.408333778381"
"123.1083984375","9.1607141494751"
"124.5025100708","64.148811340332"
"124.51684570312","8.125"
"125.11134338379","27.125"
"125.12757873535","14.22500038147"
"125.37442016602","57.1875"
"125.39939880371","18.009614944458"
"125.40697479248","13.199999809265"
"125.49880218506","35.027778625488"
"125.5142364502","5.0833334922791"
"125.83753204346","8.0138893127441"
"126.00553131104","36.166667938232"
"126.45603942871","6.0178570747375"
"126.47731781006","8.0833330154419"
"126.73528289795","50.148811340332"
"126.74862670898","9.3333330154419"
"126.75495910645","7.0833334922791"
"127.03885650635","62"
"127.17118835449","26.041666030884"
"127.18318939209","9.5625"
"127.20223236084","22.02499961853"
"128.1438293457","68.1875"
"128.16543579102","8.0249996185303"
"128.28129577637","10.041666984558"
"128.28916931152","15"
"128.29943847656","6.3333334922791"
"128.49610900879","22.625"
"128.9116973877","30"
"128.92495727539","8.125"
"129.09237670898","25.920454025269"
"129.12977600098","33.375"
"129.3343963623","69.222221374512"
"129.34204101562","24"
"129.84005737305","10.083333015442"
"129.86909484863","11.875"
"130.15939331055","135.13610839844"
"130.1710357666","49.083332061768"
"130.18193054199","18.333333969116"
"130.25820922852","19.1428565979"
"130.26533508301","16.375"
"130.37390136719","13.347222328186"
"130.49375915527","11.44642829895"
"130.54273986816","32.674999237061"
"130.55546569824","13.125"
"130.9210357666","6.3333334922791"
"131.04901123047","430.56790161133"
"131.06204223633","60.005950927734"
"131.07232666016","48.099998474121"
"131.07991027832","27.22500038147"
"131.09169006348","19.44642829895"
"131.12384033203","6.2249999046326"
"131.68766784668","27.066177368164"
"131.71336364746","10.125"
"131.99493408203","28.009614944458"
"132.00344848633","11.25"
"132.71022033691","13.041666984558"
"132.72450256348","10"
"133.21095275879","27.102272033691"
"133.22091674805","6.0416665077209"
"134.09844970703","159.88009643555"
"134.12243652344","23.450000762939"
"134.13104248047","10.0625"
"134.97166442871","12.284090995789"
"135.04359436035","34.347221374512"
"135.05136108398","20.680555343628"
"135.43057250977","42.595588684082"
"135.44161987305","13.25"
"135.45031738281","10.0625"
"135.87635803223","14.44642829895"
"136.0906829834","20.680555343628"
"136.37454223633","68.640625"
"137.0591583252","452.39447021484"
"137.07167053223","152"
"137.08337402344","65.889152526855"
"137.09539794922","23.78125"
"137.11044311523","10.5625"
"137.17549133301","17.333333969116"
"137.18640136719","5.0250000953674"
"137.4560546875","38.625"
"137.470703125","6.125"
"137.93365478516","19.57142829895"
"138.00567626953","36.041667938232"
"138.01663208008","15.5"
"138.02828979492","192.37062072754"
"138.04173278809","62.285713195801"
"138.06372070312","13.875"
"138.07566833496","5"
"138.08937072754","7.1607141494751"
"138.23297119141","17.44642829895"
"138.66091918945","46.571430206299"
"138.71725463867","16.666666030884"
"138.92645263672","7.5"
"139.11390686035","78.003784179688"
"139.13020324707","9.0625"
"139.20715332031","27.125"
"139.22705078125","6.125"
"139.65943908691","35"
"139.67581176758","11.125"
"139.7427520752","11.680555343628"
"140.97343444824","7.25"
"141.14767456055","108"
"141.16278076172","27.44642829895"
"141.17105102539","9.25"
"141.31869506836","44.25"
"141.33142089844","5"
"141.34002685547","15.675000190735"
"141.38092041016","6.0833334922791"
"141.56217956543","26.674999237061"
"142.04653930664","111.45454406738"
"142.06726074219","15.675000190735"
"142.09658813477","6.0625"
"142.10868835449","5.3333334922791"
"142.17306518555","6.0178570747375"
"142.42254638672","18.556818008423"
"142.42959594727","10.125"
"142.64788818359","9.125"
"142.71694946289","35.321430206299"
"143.07301330566","92.326919555664"
"143.09130859375","42.367645263672"
"143.1175994873","5.125"
"143.32466125488","15.125"
"143.33322143555","11.02499961853"
"143.73921203613","10.017857551575"
"143.74768066406","11.050000190735"
"144.08186340332","74"
"144.09234619141","37.0625"
"144.10496520996","8.0249996185303"
"144.50157165527","29.5"
"144.5107421875","8.1607141494751"
"144.75317382812","26.013889312744"
"144.76435852051","7.5"
"145.10047912598","24"
"145.11929321289","5.0833334922791"
"145.64477539062","28.083333969116"
"145.65344238281","19"
"145.66152954102","9.0833330154419"
"145.80432128906","10.199999809265"
"146.77604675293","46.53125"
"146.90646362305","13.44642829895"
"147.06784057617","6"
"147.07838439941","61"
"147.47613525391","20.778846740723"
"147.88484191895","86.470588684082"
"149.0980682373","71.678573608398"
"149.11392211914","9.1607141494751"
"149.12271118164","8.1022729873657"
"150.10888671875","25.5625"
"150.11936950684","6.0833334922791"
"150.14761352539","50.818180084229"
"150.71383666992","39.022727966309"
"150.72187805176","16.125"
"151.2476348877","71.245002746582"
"151.26051330566","17.0625"
"151.27514648438","6"
"151.35420227051","8.0113639831543"
"151.36383056641","5.625"
"151.64962768555","24.208333969116"
"151.66212463379","12.011363983154"
"151.67269897461","10.125"
"152.36279296875","24.011363983154"
"152.6612701416","7.125"
"152.83514404297","18.160715103149"
"153.05572509766","146.32180786133"
"153.07981872559","27.0625"
"153.10748291016","7.0833334922791"
"155.17515563965","20.347221374512"
"155.18478393555","47.007354736328"
"155.6226348877","28.57142829895"
"155.63473510742","8.0249996185303"
"155.86570739746","34.163459777832"
"155.88427734375","7.0178570747375"
"156.35638427734","9.5"
"156.36779785156","38.125"
"156.38568115234","8.0178575515747"
"156.60026550293","82.066177368164"
"156.61137390137","66.444442749023"
"156.6202545166","26.041666030884"
"156.63407897949","7.375"
"156.64910888672","11.25"
"156.75238037109","51.125"
"156.76351928711","19.125"
"156.77481079102","10"
"156.85815429688","9.0625"
"158.07362365723","49.099998474121"
"158.09133911133","10.166666984558"
"158.19297790527","31.125"
"159.39097595215","9.125"
"159.48222351074","14.800000190735"
"160.65840148926","18.75"
"160.66825866699","15.03125"
"160.80253601074","46.009616851807"
"160.82023620605","13"
"160.82911682129","9.0625"
"161.03242492676","80.025001525879"
"161.04919433594","17.02499961853"
"161.27410888672","21.208333969116"
"161.28388977051","9.2250003814697"
"161.29922485352","45.532894134521"
"161.31156921387","9.25"
"161.58149719238","16.0625"
"161.5920715332","48.035713195801"
"161.60931396484","7.3333334922791"
"161.6209564209","8.0178575515747"
"161.873046875","166.01249694824"
"161.88761901855","55.008335113525"
"161.89782714844","20.333333969116"
"161.90927124023","18.75"
"161.92530822754","8.125"
"161.93948364258","5.125"
"162.49375915527","14.625"
"162.87196350098","79.456893920898"
"162.88795471191","20.680555343628"
"162.8996887207","15.25"
"162.98156738281","30.166666030884"
"162.99195861816","10"
"163.00765991211","12.125"
"163.02008056641","5.125"
"163.04071044922","284.77716064453"
"163.05517578125","27.020833969116"
"163.06692504883","8.3333330154419"
"163.07737731934","9"
"163.0979309082","7.125"
"163.66038513184","28.875"
"163.67181396484","27.375"
"164.07215881348","40.450000762939"
"164.08583068848","11.02499961853"
"164.10029602051","5.375"
"164.34878540039","8"
"164.58804321289","39.008335113525"
"164.60279846191","13.086538314819"
"165.05639648438","150.69422912598"
"165.07220458984","51.769229888916"
"165.08453369141","8.0138893127441"
"165.09408569336","11.125"
"165.13105773926","74.778846740723"
"165.14898681641","15.041666984558"
"165.70860290527","21.450000762939"
"165.76075744629","11.44642829895"
"166.45001220703","7.75"
"166.60752868652","26.32142829895"
"166.62487792969","7.875"
"167.07258605957","11.050000190735"
"167.08488464355","6.75"
"167.29916381836","52.444442749023"
"167.31173706055","28.32142829895"
"167.32389831543","8.347222328186"
"168.62515258789","25.083333969116"
"169.2459564209","11.25"
"169.56649780273","28.041666030884"
"169.58502197266","18.160715103149"
"169.81619262695","22.125"
"169.8394317627","5.125"
"169.96165466309","14.471154212952"
"170.21022033691","13.041666984558"
"170.23503112793","11.347222328186"
"170.3705291748","30.920454025269"
"170.37979125977","21.666666030884"
"170.99513244629","85.941177368164"
"171.02314758301","10.02499961853"
"171.13366699219","13.25"
"171.60261535645","6.1607141494751"
"172.14245605469","23"
"172.15725708008","8.5"
"172.16751098633","5.0250000953674"
"172.17680358887","18.720237731934"
"172.18753051758","6.125"
"172.24192810059","10.25"
"172.27447509766","30.035715103149"
"172.29257202148","9.8000001907349"
"172.31001281738","6.75"
"172.6951751709","158.00640869141"
"172.70840454102","58.25"
"172.75840759277","5.0250000953674"
"172.77897644043","5.0625"
"173.17420959473","5.013888835907"
"173.89300537109","8.347222328186"
"174.30682373047","80.693962097168"
"174.31672668457","39.025001525879"
"174.3337097168","12.800000190735"
"174.34550476074","6.375"
"175.00257873535","9.2250003814697"
"175.02819824219","5.2249999046326"
"175.0775604248","51.900001525879"
"175.10270690918","7.4464287757874"
"175.77178955078","41.006580352783"
"175.78259277344","23.25"
"175.79557800293","12.333333015442"
"176.16003417969","35.5"
"176.17375183105","7.5"
"176.67152404785","16.200000762939"
"176.98541259766","86.094696044922"
"176.99638366699","44.240383148193"
"177.04083251953","40.0178565979"
"177.06379699707","11.013889312744"
"177.55416870117","63.013156890869"
"177.56982421875","12.125"
"177.71168518066","5.0625"
"177.75608825684","15.375"
"177.79309082031","14.375"
"178.04763793945","22"
"178.05586242676","21.75"
"178.06622314453","5"
"179.03247070312","119.34375"
"180.05253601074","9.5"
"180.09490966797","44.125"
"180.16561889648","15"
"181.04747009277","112.81666564941"
"181.06268310547","38.347221374512"
"181.07356262207","16.166666030884"
"181.08547973633","134.00430297852"
"181.11093139648","17.408332824707"
"181.12280273438","93.066177368164"
"181.15077209473","7"
"181.16966247559","9"
"182.33598327637","12.125"
"182.34770202637","7.125"
"182.3639831543","17.208333969116"
"182.37594604492","6.0833334922791"
"182.67526245117","42.408332824707"
"182.68566894531","18"
"182.6958770752","34.78125"
"182.71069335938","79.520835876465"
"182.72088623047","36"
"182.73217773438","18.125"
"182.74270629883","8.2250003814697"
"183.36723327637","9"
"185.5926361084","36.224998474121"
"185.60452270508","8.0416669845581"
"185.91613769531","39.333332061768"
"185.93319702148","7.013888835907"
"186.03625488281","44.25"
"186.04733276367","19.083333969116"
"186.06842041016","12.017857551575"
"186.07745361328","8.0833330154419"
"186.31869506836","92.882354736328"
"186.3282623291","35.796051025391"
"186.33753967285","17.163461685181"
"186.34796142578","12.28125"
"187.05494689941","128.92045593262"
"187.07144165039","37.322368621826"
"187.08276367188","7.25"
"187.09497070312","6.125"
"187.11248779297","65.053573608398"
"187.12213134766","32.0625"
"187.13214111328","16.53125"
"187.14070129395","7.0250000953674"
"187.15986633301","6.0625"
"187.86849975586","14.02499961853"
"189.11605834961","52.0178565979"
"189.43374633789","12.125"
"190.36047363281","5.0250000953674"
"190.37528991699","27.28125"
"190.39465332031","51.694442749023"
"190.40324401855","22.0625"
"190.41317749023","8"
"190.42517089844","6.75"
"190.44187927246","6.1607141494751"
"190.8187713623","37.13586807251"
"191.0712890625","8.3333330154419"
"192.00350952148","20"
"193.33036804199","29.471153259277"
"194.09002685547","14.875"
"194.10133361816","29.1428565979"
"194.11622619629","85.266510009766"
"194.12634277344","69.669441223145"
"194.14450073242","5.0833334922791"
"194.15693664551","7"
"194.23257446289","32.599998474121"
"194.24577331543","5.3333334922791"
"194.49851989746","25.166666030884"
"194.5072479248","7.0416665077209"
"195.20948791504","44.339286804199"
"195.22715759277","13.22500038147"
"195.40003967285","21.035715103149"
"195.44598388672","6.4464287757874"
"195.63391113281","5.3333334922791"
"196.24388122559","38"
"196.25469970703","18"
"196.56275939941","51.005435943604"
"196.57841491699","17.5625"
"196.59690856934","5.0833334922791"
"197.09169006348","43"
"197.11859130859","6.1607141494751"
"197.60266113281","29.242647171021"
"197.61312866211","12.22500038147"
"198.05764770508","33.035713195801"
"198.07611083984","9.0833330154419"
"198.1198425293","167.03225708008"
"198.14604187012","23.284090042114"
"198.1563873291","12.013889312744"
"198.17602539062","5.0178570747375"
"198.18547058105","9.25"
"199.09155273438","79.083335876465"
"199.10093688965","48.444442749023"
"199.11322021484","18.471153259277"
"199.2262878418","37.0625"
"199.24299621582","8.3333330154419"
"200.3511505127","6.0178570747375"
"200.41731262207","8.0249996185303"
"200.97277832031","31.8928565979"
"200.98205566406","16.625"
"201.19790649414","16.03125"
"201.54840087891","77.5"
"201.55809020996","16.102272033691"
"201.57063293457","6.0416665077209"
"201.95927429199","10.666666984558"
"201.98472595215","48"
"201.9994354248","13.013889312744"
"202.66973876953","40.28125"
"202.68193054199","15"
"203.08984375","7.013888835907"
"203.2486114502","29.22500038147"
"203.26103210449","14.0625"
"203.53855895996","19.5"
"203.80436706543","25.778846740723"
"203.97193908691","25.164474487305"
"204.22218322754","48.375"
"204.2463684082","12"
"204.26721191406","17.166666030884"
"204.27742004395","15"
"204.29479980469","9.0500001907349"
"205.0924987793","38.011363983154"
"205.14752197266","7.0250000953674"
"205.15812683105","10.22500038147"
"205.16694641113","13.284090995789"
"205.17672729492","6.0416665077209"
"205.76724243164","135.375"
"205.81172180176","13.0625"
"205.82237243652","11.017857551575"
"205.8321685791","5"
"206.34239196777","63.396739959717"
"206.35130310059","24.75"
"206.37585449219","5"
"206.41578674316","7.125"
"206.43357849121","53.148811340332"
"206.44372558594","25.125"
"206.95774841309","11.035714149475"
"208.05934143066","79.918479919434"
"208.08847045898","5.125"
"208.28988647461","48.28125"
"209.0046081543","35.0178565979"
"209.01461791992","14"
"209.16018676758","10.017857551575"
"210.98278808594","90.111839294434"
"210.9935760498","60.200000762939"
"211.01635742188","17.240385055542"
"211.02867126465","7.013888835907"
"211.04170227051","5.0416665077209"
"211.09979248047","100.125"
"211.11717224121","28.02499961853"
"211.12829589844","17"
"211.64407348633","9.2250003814697"
"212.49206542969","18.049999237061"
"214.06260681152","10.199999809265"
"214.11796569824","11.125"
"215.76988220215","10.920454978943"
"216.12586975098","84.066665649414"
"216.14372253418","19.375"
"216.24697875977","9.0416669845581"
"216.97956848145","30.375"
"217.0004119873","9.1607141494751"
"217.58227539062","27.066177368164"
"217.59413146973","8.3333330154419"
"218.28082275391","49.893520355225"
"219.1049041748","105.4464263916"
"219.1167755127","25.0625"
"219.99546813965","13.892857551575"
"220.0126953125","15.017857551575"
"220.52925109863","15.347222328186"
"220.88739013672","37.007354736328"
"220.89685058594","17.450000762939"
"220.90803527832","18.322368621826"
"221.47271728516","39.242645263672"
"222.05639648438","17.125"
"222.07450866699","23.125"
"222.08949279785","11"
"222.10244750977","6.013888835907"
"224.0562286377","143.00291442871"
"224.06756591797","66.23999786377"
"224.10256958008","10.041666984558"
"224.11605834961","5.1607141494751"
"224.24087524414","8"
"224.46054077148","58.205001831055"
"224.47470092773","40.125"
"224.48793029785","20.011363983154"
"224.49723815918","6.25"
"224.56658935547","78.44947052002"
"224.57670593262","34.011363983154"
"224.5969543457","5.125"
"224.61039733887","5.0250000953674"
"225.11097717285","90.529411315918"
"225.12831115723","27.160715103149"
"225.14401245117","5.125"
"225.15489196777","7.125"
"225.23587036133","117.14939117432"
"225.26666259766","13.0625"
"225.49667358398","12.017857551575"
"225.55383300781","12.013889312744"
"225.56341552734","35.224998474121"
"225.57386779785","8.5625"
"225.80442810059","63.005435943604"
"225.81266784668","35.25"
"226.37466430664","19.008333206177"
"226.64343261719","12.125"
"226.65621948242","6.0178570747375"
"227.29640197754","13.375"
"228.42240905762","8"
"228.45848083496","14.347222328186"
"228.4695892334","6.1607141494751"
"228.57963562012","42.125"
"228.59573364258","18"
"228.60848999023","9.0833330154419"
"228.76858520508","7.0416665077209"
"228.85319519043","23"
"228.86940002441","5.2249999046326"
"229.13571166992","27.011363983154"
"229.27124023438","6.0625"
"230.11810302734","164.34027099609"
"230.13909912109","16.53125"
"230.14801025391","11"
"230.1690826416","5"
"230.61013793945","44.568180084229"
"230.62812805176","11.0625"
"230.6623840332","7.1607141494751"
"230.79504394531","21.666666030884"
"230.8653717041","12.017857551575"
"230.96307373047","15"
"231.13493347168","15.050000190735"
"231.22067260742","24.875"
"231.23509216309","5.0178570747375"
"231.28936767578","40.53125"
"231.30055236816","12.160714149475"
"231.3279876709","10.041666984558"
"231.34912109375","11.041666984558"
"232.09007263184","130.38293457031"
"232.10989379883","33.102272033691"
"232.12101745605","21.011363983154"
"232.13412475586","13.5"
"232.66616821289","67.125"
"232.67727661133","34.25"
"232.68934631348","11.333333015442"
"232.78199768066","23.5625"
"232.7940826416","5.125"
"232.87013244629","108.68144989014"
"232.88887023926","28.041666030884"
"232.91337585449","5.0416665077209"
"233.13003540039","42.125"
"233.14790344238","9.25"
"233.91659545898","38.1428565979"
"233.93519592285","17.083333969116"
"233.95735168457","5.375"
"234.39019775391","6.375"
"234.67665100098","12"
"234.68685913086","10.083333015442"
"234.69723510742","12.125"
"234.75250244141","12"
"234.76448059082","9.0416669845581"
"234.99194335938","11.22500038147"
"235.00674438477","5.0250000953674"
"235.75489807129","60.242645263672"
"235.78074645996","15"
"237.34121704102","17.75"
"237.59979248047","22.007352828979"
"237.61047363281","5"
"237.86224365234","8"
"237.87542724609","11.125"
"238.05673217773","23.163461685181"
"238.06907653809","9.0416669845581"
"239.37071228027","38.086540222168"
"239.4026184082","5"
"239.65623474121","40.113636016846"
"239.66610717773","20"
"241.38969421387","7.125"
"241.41737365723","5.0833334922791"
"241.44110107422","40.25"
"241.46522521973","11.125"
"242.66017150879","24.125"
"242.67778015137","29.556818008423"
"244.81871032715","15.347222328186"
"245.40376281738","37.375"
"245.42274475098","16.200000762939"
"245.9342956543","28.78125"
"245.94595336914","17.011363983154"
"246.7540435791","10.22500038147"
"247.0419921875","31.160715103149"
"247.06134033203","181.5333404541"
"247.08320617676","23.240385055542"
"247.09156799316","21.008333206177"
"247.10546875","10.284090995789"
"247.30993652344","10.083333015442"
"247.35931396484","7.0500001907349"
"247.37385559082","22.083333969116"
"247.38996887207","12.449999809265"
"247.41555786133","8.25"
"247.43348693848","54.1875"
"247.45518493652","16.0178565979"
"247.99406433105","62.363636016846"
"248.02925109863","6.0833334922791"
"248.05424499512","5.0416665077209"
"249.02140808105","146.8890838623"
"249.05090332031","24.0178565979"
"249.07263183594","6.0178570747375"
"249.09465026855","6.1607141494751"
"249.10836791992","6.0250000953674"
"250.13516235352","52.115741729736"
"250.14381408691","36.125"
"250.55319213867","18.284090042114"
"251.27671813965","24.444444656372"
"251.29266357422","10.017857551575"
"252.22674560547","83.599998474121"
"252.23803710938","39.035713195801"
"252.25015258789","19.347221374512"
"252.44432067871","10.44642829895"
"252.64430236816","9.0249996185303"
"252.66508483887","12.44642829895"
"253.14654541016","42.0625"
"253.16389465332","26.125"
"253.17517089844","12.125"
"253.30792236328","16.125"
"253.32391357422","14.166666984558"
"255.02976989746","5.1607141494751"
"255.17997741699","30.125"
"255.69787597656","9.347222328186"
"256.64306640625","40.321430206299"
"256.66409301758","11.041666984558"
"257.92916870117","42.166667938232"
"257.94241333008","20.086538314819"
"257.95672607422","9.0625"
"257.96740722656","22.0625"
"257.99011230469","5"
"258.1061706543","20.799999237061"
"259.13284301758","28.035715103149"
"259.14990234375","9.0416669845581"
"259.20791625977","12.017857551575"
"259.58163452148","6.5"
"259.60150146484","19.041666030884"
"259.61242675781","6.125"
"259.90267944336","34.183822631836"
"259.91586303711","17.240385055542"
"260.81756591797","14.5"
"261.62454223633","26.090909957886"
"261.63446044922","14.375"
"262.80404663086","22.674999237061"
"262.82876586914","23.009614944458"
"262.84216308594","6.0416665077209"
"262.87652587891","5"
"263.044921875","12.160714149475"
"263.4052734375","5.125"
"264.69650268555","29.009614944458"
"264.70767211914","18"
"264.72274780273","5.1607141494751"
"264.86361694336","5.125"
"265.14837646484","42.111110687256"
"265.17126464844","16.1428565979"
"265.87371826172","40.066177368164"
"266.15042114258","59.694442749023"
"266.1650390625","23.02499961853"
"266.38098144531","42.160713195801"
"266.39385986328","28.893518447876"
"267.26986694336","86.157051086426"
"267.29159545898","17.03125"
"267.53598022461","31.005952835083"
"267.54632568359","20.556818008423"
"268.36688232422","6.125"
"268.38885498047","25.013889312744"
"268.40017700195","13.017857551575"
"269.44305419922","16"
"269.46649169922","18.674999237061"
"269.48727416992","5.5"
"271.39666748047","5.2249999046326"
"271.49560546875","44.009616851807"
"271.51849365234","17"
"272.09545898438","64.185607910156"
"272.10690307617","45.13586807251"
"272.13040161133","7.0250000953674"
"272.14556884766","22.44642829895"
"272.15881347656","8.0625"
"272.3742980957","23.083333969116"
"272.38983154297","8.25"
"272.42687988281","13"
"273.1051940918","39.03125"
"273.13146972656","7.0250000953674"
"273.25738525391","23.0178565979"
"273.27194213867","8.0138893127441"
"273.95712280273","16.333333969116"
"275.19952392578","175.09722900391"
"275.23086547852","26.035715103149"
"275.24444580078","13.680555343628"
"275.26040649414","11.041666984558"
"275.28588867188","5"
"276.46694946289","20.666666030884"
"276.48928833008","7.1607141494751"
"276.59411621094","11.44642829895"
"276.60589599609","23.163461685181"
"276.61975097656","8.25"
"276.63500976562","7.75"
"276.70715332031","37.5"
"276.71920776367","12.333333015442"
"276.93161010742","13.199999809265"
"276.9528503418","16.75"
"277.52896118164","28.556818008423"
"277.54742431641","6.1607141494751"
"278.38500976562","25.240385055542"
"278.60614013672","18.625"
"279.15310668945","12.166666984558"
"279.16674804688","7.125"
"280.16107177734","9.240385055542"
"281.75708007812","9.0249996185303"
"283.3069152832","17.166666030884"
"283.53277587891","8.1607141494751"
"285.08026123047","63.400001525879"
"285.09783935547","25.680555343628"
"285.1142578125","9.1022729873657"
"285.61050415039","87.266304016113"
"285.62750244141","29.049999237061"
"285.63897705078","11.25"
"286.30975341797","13.199999809265"
"286.54162597656","5"
"286.77230834961","47.654411315918"
"286.79208374023","20.0625"
"286.90948486328","26.56018447876"
"286.92114257812","12"
"286.93069458008","8.75"
"287.46075439453","113.73484802246"
"287.4807434082","19.02499961853"
"287.50088500977","7.25"
"287.51333618164","10.556818008423"
"288.12850952148","59.115741729736"
"288.13955688477","13.333333015442"
"288.56018066406","34.333332061768"
"288.57479858398","26.125"
"288.58831787109","13.449999809265"
"289.07055664062","17.02499961853"
"289.09851074219","73.308822631836"
"289.11138916016","26.02499961853"
"289.12637329102","12"
"289.76223754883","19.102272033691"
"289.7907409668","6.2249999046326"
"290.26959228516","12.44642829895"
"290.5007019043","24.333333969116"
"291.06069946289","20.471153259277"
"291.08712768555","137.91717529297"
"291.11566162109","26.22500038147"
"291.5075378418","60.0178565979"
"291.52658081055","11.02499961853"
"291.54193115234","13.050000190735"
"291.97564697266","26.240385055542"
"292.26187133789","28.75"
"292.82159423828","7"
"293.13784790039","104.56104278564"
"293.1516418457","23"
"293.16653442383","12.06617641449"
"295.43444824219","10.142857551575"
"296.14645385742","79.778228759766"
"296.16577148438","28.200000762939"
"296.17813110352","19.1428565979"
"296.90863037109","16.5"
"297.69360351562","5.2249999046326"
"297.77990722656","20.041666030884"
"299.4521484375","6.0625"
"299.46636962891","12.125"
"300.03121948242","13.5"
"300.05004882812","17.375"
"300.06268310547","12.041666984558"
"300.08963012695","105.09999847412"
"300.12881469727","9.125"
"300.29220581055","29.005952835083"
"300.30450439453","11.22500038147"
"300.69540405273","62.266304016113"
"300.79092407227","32.102272033691"
"301.32174682617","84.041664123535"
"301.33935546875","36.208332061768"
"301.45153808594","9.0416669845581"
"302.13952636719","9.0625"
"302.20062255859","35.200000762939"
"302.21496582031","20.011363983154"
"302.24942016602","5"
"302.529296875","22"
"303.92346191406","10.02499961853"
"304.71249389648","13.25"
"304.7236328125","11.125"
"307.00534057617","11.017857551575"
"307.0173034668","9.25"
"307.08825683594","50.224998474121"
"307.10360717773","23.875"
"307.12225341797","10.333333015442"
"307.80740356445","29.60000038147"
"307.82583618164","9.3333330154419"
"309.10949707031","79.020835876465"
"309.12515258789","28.333333969116"
"309.14614868164","9.0625"
"309.18649291992","6.4464287757874"
"309.7951965332","37.25"
"309.82482910156","8.1607141494751"
"310.04779052734","13.086538314819"
"310.11810302734","6.0178570747375"
"311.16943359375","39.111843109131"
"311.27847290039","17.041666030884"
"311.29702758789","7"
"311.48965454102","5.125"
"311.53463745117","15.125"
"311.78820800781","16.471153259277"
"311.79989624023","6"
"312.04843139648","11.008333206177"
"312.068359375","8.0178575515747"
"312.14443969727","101.36742401123"
"312.18499755859","11.75"
"313.09887695312","68.005432128906"
"313.11386108398","27.041666030884"
"313.98165893555","7.013888835907"
"314.13580322266","18.086538314819"
"314.15353393555","10.25"
"314.91485595703","15.013889312744"
"315.12469482422","39.160713195801"
"315.14166259766","10.125"
"315.16082763672","87.027778625488"
"315.18472290039","37.308822631836"
"315.2043762207","10.083333015442"
"316.14566040039","90.361114501953"
"316.16461181641","27.0178565979"
"316.18179321289","5.125"
"316.2018737793","5"
"317.12322998047","432.11297607422"
"317.15618896484","404.02383422852"
"317.18438720703","29.0178565979"
"317.21032714844","14.083333015442"
"317.22518920898","9"
"317.36801147461","23.28125"
"317.82556152344","72.059211730957"
"317.84359741211","33.360294342041"
"317.85662841797","11.102272987366"
"318.00741577148","11.5625"
"318.07122802734","7.4464287757874"
"318.0950012207","139.375"
"318.11337280273","53.347221374512"
"318.12835693359","22.333333969116"
"318.15979003906","171.39556884766"
"318.17846679688","9.25"
"318.19274902344","14.375"
"318.20669555664","18.075000762939"
"318.21676635742","6.125"
"318.5690612793","27.0625"
"318.68417358398","14"
"319.01657104492","14.125"
"319.03720092773","11.160714149475"
"319.06796264648","8.125"
"320.09118652344","15.083333015442"
"320.10586547852","13.017857551575"
"320.11856079102","5.0250000953674"
"321.10751342773","20.39999961853"
"321.12405395508","41.568180084229"
"321.14416503906","8.3333330154419"
"321.20108032227","8.009614944458"
"321.4723815918","25.4821434021"
"322.20571899414","24.041666030884"
"322.22933959961","6.0625"
"322.46298217773","21.02499961853"
"322.47885131836","6.0625"
"322.97268676758","19.57142829895"
"322.98510742188","8"
"324.28692626953","28.200000762939"
"324.31204223633","7.0416665077209"
"324.93563842773","12.050000190735"
"325.26986694336","7.125"
"326.24578857422","17"
"326.26721191406","5.125"
"327.12457275391","229.3600769043"
"327.15951538086","30"
"327.17248535156","23.086538314819"
"327.19082641602","12.050000190735"
"327.20980834961","6.013888835907"
"327.22296142578","11.556818008423"
"327.23806762695","7"
"328.14767456055","13.25"
"330.29913330078","15.083333015442"
"330.78045654297","58.440216064453"
"330.79232788086","42.011363983154"
"330.81582641602","15.333333015442"
"331.08535766602","64.375"
"331.12023925781","10.125"
"331.140625","72.416664123535"
"333.12274169922","59.720237731934"
"333.15368652344","12"
"333.16635131836","5.0833334922791"
"334.28176879883","45.645000457764"
"334.29864501953","35.333332061768"
"334.31451416016","18.375"
"335.44268798828","78.160713195801"
"335.47741699219","8.25"
"335.74206542969","7.125"
"337.02359008789","14.013889312744"
"337.11959838867","71.074996948242"
"337.14175415039","21"
"337.15734863281","8.1607141494751"
"337.83825683594","7.5625"
"338.14547729492","40.556819915771"
"338.16613769531","15.102272987366"
"338.17868041992","10.347222328186"
"339.41751098633","36.375"
"340.31951904297","9.1607141494751"
"342.87484741211","43.8928565979"
"342.90451049805","5.013888835907"
"343.16650390625","27.777778625488"
"343.29809570312","18.556818008423"
"343.306640625","17.183822631836"
"343.36749267578","14.083333015442"
"343.40374755859","42.148811340332"
"343.42190551758","6.2249999046326"
"343.98779296875","23.625"
"344.13662719727","13.375"
"345.57803344727","14.625"
"347.1125793457","49.173076629639"
"348.0002746582","25.5"
"348.92068481445","27.0178565979"
"348.93450927734","29.125"
"348.95617675781","7.013888835907"
"349.06420898438","107.46283721924"
"349.09451293945","128.53289794922"
"349.12197875977","31.035715103149"
"349.14465332031","7.0250000953674"
"349.24209594727","15.166666984558"
"349.25479125977","11.011363983154"
"349.79797363281","20.78125"
"349.91577148438","26.75"
"349.9303894043","6.0625"
"350.4049987793","15"
"350.4196472168","5.375"
"351.08239746094","60.487903594971"
"351.10409545898","94.778846740723"
"351.13381958008","25"
"351.15029907227","14.050000190735"
"351.17288208008","13.06617641449"
"351.94854736328","89.408782958984"
"351.98150634766","13.125"
"352.01379394531","56.5625"
"352.04748535156","7.5"
"352.24017333984","14.017857551575"
"352.45343017578","8.0500001907349"
"352.74176025391","53.900863647461"
"352.7763671875","5"
"353.28744506836","24.920454025269"
"353.34759521484","10.009614944458"
"354.31579589844","24.674999237061"
"354.33187866211","39.240383148193"
"355.44790649414","33.666667938232"
"355.4635925293","27.022727966309"
"355.47595214844","17.471153259277"
"355.99371337891","16.57142829895"
"356.95040893555","5.25"
"358.06231689453","81.007354736328"
"358.07781982422","34.375"
"358.13092041016","117.44947052002"
"358.16748046875","8"
"359.37319946289","28.148809432983"
"359.69232177734","18.8928565979"
"359.99478149414","41.125"
"360.01477050781","5.3333334922791"
"360.39358520508","24.011363983154"
"364.30535888672","13.008333206177"
"364.3186340332","12.011363983154"
"365.18090820312","68.240386962891"
"365.2014465332","22.041666030884"
"365.99215698242","24.0625"
"366.01165771484","8"
"368.14114379883","86.242645263672"
"368.16842651367","17.066177368164"
"368.89303588867","49.25"
"368.96719360352","9.625"
"369.18579101562","13"
"371.05230712891","35.333332061768"
"371.078125","7.0416665077209"
"373.04098510742","14.011363983154"
"373.05783081055","13"
"373.08563232422","7.5"
"373.10311889648","5.25"
"373.18450927734","60.796051025391"
"373.21441650391","10.333333015442"
"373.22897338867","6.0625"
"373.25988769531","6.2249999046326"
"374.12643432617","7.3333334922791"
"374.1875","57.047618865967"
"374.20031738281","35.666667938232"
"374.21527099609","9.4464282989502"
"374.24151611328","6.375"
"374.27984619141","8.0249996185303"
"375.09420776367","16.0178565979"
"375.12677001953","191.85612487793"
"375.14947509766","38.75"
"375.16793823242","18"
"375.22570800781","5.0416665077209"
"375.9375","18.920454025269"
"376.14025878906","26.375"
"376.16525268555","6.0416665077209"
"377.02365112305","61.400001525879"
"377.05792236328","11.013889312744"
"377.08508300781","6.1607141494751"
"377.54815673828","7.125"
"379.13879394531","37"
"379.16583251953","5.0833334922791"
"380.1506652832","10.017857551575"
"380.29086303711","10.333333015442"
"381.46298217773","10.125"
"383.20223999023","20.02499961853"
"383.22320556641","8.375"
"384.65316772461","5.0625"
"384.73663330078","41.1428565979"
"384.75079345703","25"
"384.7639465332","29.086538314819"
"384.77764892578","32.111110687256"
"384.79776000977","24.240385055542"
"384.98190307617","24.166666030884"
"385.57586669922","13.360294342041"
"385.61392211914","11.041666984558"
"385.63372802734","6.0250000953674"
"386.3727722168","54"
"386.38970947266","28"
"387.16552734375","38.25"
"387.19079589844","7.0250000953674"
"388.0837097168","8.0138893127441"
"388.09741210938","9"
"388.15966796875","11.449999809265"
"388.86428833008","17.075000762939"
"389.17977905273","284.5051574707"
"389.21731567383","24"
"389.24020385742","9.2250003814697"
"391.09808349609","69.28125"
"391.12463378906","11.041666984558"
"391.20379638672","20.049999237061"
"391.55990600586","24.5"
"393.38909912109","7.0178570747375"
"393.45111083984","9.0500001907349"
"394.16937255859","163.16040039062"
"394.21301269531","25"
"394.23150634766","13.333333015442"
"394.25094604492","6.013888835907"
"395.17379760742","160.61224365234"
"395.21063232422","16.013889312744"
"397.20690917969","78.556816101074"
"397.21963500977","42.041667938232"
"398.35766601562","25.25"
"398.36978149414","5.0625"
"400.65686035156","10.333333015442"
"401.43032836914","26"
"401.44506835938","9.625"
"401.46200561523","41.211208343506"
"401.4782409668","15.125"
"402.10971069336","61.480770111084"
"402.16165161133","8.0178575515747"
"402.17910766602","49.005950927734"
"402.19729614258","14.125"
"402.24264526367","41.75"
"402.26611328125","12.142857551575"
"403.25494384766","68.375"
"403.27020263672","28"
"405.09036254883","5.2249999046326"
"405.73178100586","16.5"
"405.7555847168","18.333333969116"
"405.77447509766","7.2249999046326"
"406.06750488281","49.396739959717"
"406.09146118164","9.2250003814697"
"406.49978637695","12.017857551575"
"406.51531982422","11.5625"
"406.54208374023","10"
"407.38049316406","19.471153259277"
"407.3971862793","8.0500001907349"
"407.41513061523","54.166667938232"
"407.45401000977","7.0416665077209"
"408.11547851562","46.471153259277"
"408.13241577148","20.680555343628"
"408.1467590332","10.44642829895"
"408.24267578125","14.074999809265"
"408.25671386719","5.0178570747375"
"408.88458251953","12.083333015442"
"408.92758178711","13.32142829895"
"408.96417236328","11.284090995789"
"410.0969543457","28.44642829895"
"410.11462402344","16.778846740723"
"410.48873901367","47.005001068115"
"410.50207519531","21.125"
"411.13052368164","73.455642700195"
"411.14602661133","27.347221374512"
"411.1614074707","21.075000762939"
"411.17526245117","6"
"412.07037353516","16.011363983154"
"412.08459472656","7"
"412.09857177734","6.0250000953674"
"412.35913085938","24.28125"
"412.37359619141","15.013889312744"
"412.92440795898","21.008333206177"
"412.935546875","13.375"
"412.96667480469","17.066177368164"
"412.97970581055","9.4464282989502"
"413.20196533203","12.680555343628"
"413.41693115234","23.125"
"413.58166503906","26.086538314819"
"414.02416992188","104.88928222656"
"414.06530761719","10"
"414.11126708984","5.625"
"414.26583862305","8.125"
"414.63024902344","13.25"
"415.55804443359","12.284090995789"
"415.97250366211","34.041667938232"
"416.14892578125","26.57142829895"
"416.16201782227","52.200000762939"
"416.17483520508","26"
"416.20333862305","9.0833330154419"
"416.38458251953","16.78125"
"416.77487182617","7.3333334922791"
"416.80850219727","7.2249999046326"
"417.01504516602","45.006580352783"
"417.03695678711","15.0625"
"420.08685302734","59.969825744629"
"420.11242675781","18.375"
"420.14260864258","13.050000190735"
"423.40765380859","33.266304016113"
"426.0458984375","41.005435943604"
"426.4811706543","29.778846740723"
"426.49987792969","20.5625"
"427.16070556641","23.674999237061"
"427.36215209961","11.083333015442"
"427.47814941406","19.049999237061"
"428.57019042969","23.0625"
"429.17526245117","50.266304016113"
"429.19082641602","20.75"
"429.30389404297","12.0625"
"429.37997436523","12.013889312744"
"430.53588867188","74.111114501953"
"432.11279296875","12.142857551575"
"432.39813232422","22"
"436.00714111328","30"
"436.02151489258","9.125"
"436.11608886719","15.086538314819"
"436.39666748047","38.6875"
"436.40869140625","19.556818008423"
"436.43258666992","7.125"
"436.80572509766","25.011363983154"
"436.8310546875","6.0833334922791"
"437.21594238281","33.005435943604"
"437.23355102539","49.5"
"437.26129150391","7.375"
"440.6315612793","14.625"
"440.65072631836","7.5625"
"440.79013061523","5"
"443.2912902832","18.471153259277"
"443.32046508789","16.25"
"443.57507324219","24.242647171021"
"443.86343383789","5.3333334922791"
"444.71005249023","88.929878234863"
"444.72415161133","35.333332061768"
"444.74456787109","56.4821434021"
"444.77496337891","11.125"
"445.32437133789","5"
"445.35705566406","22.02499961853"
"445.38851928711","7.875"
"445.74325561523","43.400001525879"
"445.783203125","13.199999809265"
"446.11053466797","36.805000305176"
"446.13125610352","9"
"446.26702880859","23"
"446.41012573242","10.013889312744"
"446.96926879883","79.6875"
"446.99716186523","60.284091949463"
"447.02813720703","18.450000762939"
"447.16656494141","6.125"
"447.31008911133","17"
"447.33706665039","18.5625"
"448.26565551758","5.0250000953674"
"448.75842285156","22.011363983154"
"448.78991699219","5.625"
"449.1064453125","7.875"
"449.13403320312","5.0250000953674"
"450.70379638672","5.0625"
"452.02508544922","6.0625"
"452.05462646484","6"
"454.1379699707","52.805000305176"
"454.1520690918","36.333332061768"
"455.12844848633","149.22367858887"
"455.1672668457","24.375"
"455.1852722168","14.0625"
"456.03778076172","56.020832061768"
"456.09698486328","7.013888835907"
"456.13330078125","41.5"
"456.16110229492","18.22500038147"
"456.17489624023","6"
"456.23785400391","11.017857551575"
"456.26705932617","5.3333334922791"
"458.16128540039","50.408332824707"
"458.17651367188","19.049999237061"
"458.81488037109","29.875"
"459.33450317383","20.360294342041"
"459.91513061523","19"
"460.15411376953","40.160713195801"
"460.1787109375","7.3333334922791"
"461.16421508789","31.011363983154"
"461.19384765625","5.0416665077209"
"461.63439941406","7.347222328186"
"462.53729248047","5.0416665077209"
"463.65435791016","11.333333015442"
"463.92965698242","33.360294342041"
"463.95379638672","9.4464282989502"
"465.60272216797","74.015625"
"465.61676025391","32.446430206299"
"465.64395141602","12.050000190735"
"466.11663818359","77.020835876465"
"466.1318359375","21.02499961853"
"466.14965820312","5.0416665077209"
"466.48736572266","27.086538314819"
"466.51229858398","13.625"
"466.75744628906","36.1428565979"
"467.1877746582","73.173782348633"
"467.20706176758","26.680555343628"
"467.58746337891","18.049999237061"
"468.197265625","35.1428565979"
"468.33923339844","12.02499961853"
"468.7353515625","19.22500038147"
"469.13137817383","404.8450012207"
"469.16619873047","23.44642829895"
"469.20645141602","10"
"470.13571166992","105.7931060791"
"470.17565917969","7.0250000953674"
"471.16052246094","102.61280822754"
"471.19631958008","13.125"
"471.21328735352","9.375"
"472.45007324219","6.0178570747375"
"473.02505493164","53.520832061768"
"473.04986572266","11.160714149475"
"473.07769775391","5.2249999046326"
"474.17169189453","48.125"
"474.19995117188","8"
"476.21243286133","65.800003051758"
"476.25189208984","136.96153259277"
"476.27844238281","39.1428565979"
"476.29989624023","21"
"476.32833862305","8"
"476.34729003906","8.0113639831543"
"478.6022644043","17.011363983154"
"478.89730834961","10.22500038147"
"478.91351318359","7.0250000953674"
"479.13861083984","46.125"
"479.3576965332","28.333333969116"
"479.37771606445","42"
"479.41513061523","5.2249999046326"
"481.47940063477","46.041667938232"
"481.4987487793","21.009614944458"
"481.52529907227","11"
"481.81887817383","11.125"
"481.83792114258","41"
"481.86273193359","7.875"
"482.04974365234","31.125"
"482.16592407227","24"
"482.20489501953","20.625"
"482.50640869141","26.408332824707"
"482.52200317383","13.22500038147"
"482.73211669922","48.339286804199"
"482.74868774414","15.347222328186"
"482.76565551758","5.0416665077209"
"484.28616333008","8.1022729873657"
"484.33505249023","10.102272987366"
"484.95028686523","15.041666984558"
"485.10131835938","63.6875"
"485.14205932617","7"
"485.15802001953","5.125"
"485.36245727539","86.52173614502"
"485.39120483398","8.0833330154419"
"485.57452392578","10.142857551575"
"485.63375854492","6.0250000953674"
"486.17990112305","15"
"487.13632202148","66.035713195801"
"487.16729736328","7.2249999046326"
"487.21621704102","7.375"
"488.93890380859","53.375"
"488.96115112305","25.125"
"491.06518554688","26.22500038147"
"491.58465576172","14.083333015442"
"492.38522338867","9.125"
"492.40463256836","6.0625"
"492.90008544922","5.375"
"493.42388916016","15.25"
"494.6116027832","13.471154212952"
"496.23852539062","37.645000457764"
"497.21160888672","92.03214263916"
"497.26986694336","7"
"497.28601074219","5.0416665077209"
"497.60238647461","10.25"
"497.99438476562","22.03125"
"498.01446533203","9.0833330154419"
"499.14614868164","32.333332061768"
"499.16217041016","14.086538314819"
"499.18927001953","7"
"500.11233520508","26.375"
"501.03973388672","63.654411315918"
"501.07217407227","19.333333969116"
"501.09182739258","8.5625"
"501.17456054688","10.102272987366"
"502.2255859375","28.111110687256"
"502.24853515625","12"
"502.35760498047","5"
"502.37118530273","5.25"
"503.13327026367","137.78125"
"503.18301391602","11.0625"
"503.19839477539","9.1607141494751"
"503.98641967773","25"
"504.01342773438","7.0833334922791"
"504.41790771484","19.44642829895"
"505.75411987305","66.321426391602"
"505.77679443359","14.22500038147"
"506.06439208984","8.5625"
"506.16497802734","92.004997253418"
"506.20986938477","10.375"
"506.23513793945","9.1999998092651"
"506.29327392578","19.32142829895"
"506.55191040039","10"
"506.56967163086","10.375"
"510.03286743164","21.5"
"510.064453125","10.347222328186"
"510.08068847656","6.1607141494751"
"510.19464111328","8.125"
"510.22476196289","18.8928565979"
"510.2409362793","8.0416669845581"
"511.15213012695","19.086538314819"
"511.17401123047","6.5"
"512.75","24.53125"
"512.775390625","33.075000762939"
"512.79107666016","15.041666984558"
"513.04754638672","85.099998474121"
"513.07513427734","24.035715103149"
"513.09033203125","7.0833334922791"
"513.12603759766","5.0833334922791"
"514.15625","44.78125"
"514.17327880859","16"
"514.79315185547","34.5625"
"514.92919921875","10.083333015442"
"515.14349365234","134.28198242188"
"515.17059326172","34.041667938232"
"515.19946289062","5.375"
"516.00274658203","26.006578445435"
"516.0263671875","14"
"516.13641357422","47.224998474121"
"516.16156005859","24.284090042114"
"517.13494873047","44.480770111084"
"518.14831542969","10.083333015442"
"519.59515380859","11.25"
"519.61071777344","8.5625"
"520.51159667969","76.266670227051"
"520.52728271484","42.041667938232"
"520.54620361328","16.0625"
"520.84906005859","11.666666984558"
"520.89166259766","16"
"523.06268310547","25"
"523.47515869141","6.0416665077209"
"525.66162109375","21.778846740723"
"525.67993164062","31.0178565979"
"525.70971679688","10"
"527.17047119141","34.066177368164"
"527.82165527344","12.199999809265"
"528.44799804688","56"
"528.47241210938","34.049999237061"
"528.49951171875","8.25"
"529.16839599609","10.22500038147"
"530.46655273438","11.013889312744"
"531.08654785156","21.086538314819"
"532.19500732422","20.44642829895"
"532.27398681641","36.680557250977"
"532.30584716797","21.0178565979"
"532.32464599609","12.013889312744"
"532.34075927734","5"
"532.35614013672","5.125"
"533.11517333984","13.22500038147"
"533.31506347656","9.1999998092651"
"533.68743896484","125.34722137451"
"533.75268554688","6.1607141494751"
"534.38165283203","26.347221374512"
"535.32360839844","55.211208343506"
"535.34399414062","14.160714149475"
"535.36968994141","14.800000190735"
"535.67608642578","15.125"
"538.34814453125","25.75"
"540.20672607422","45.5"
"540.24084472656","16.160715103149"
"540.27423095703","11.050000190735"
"540.88812255859","10.074999809265"
"542.251953125","87.882354736328"
"542.28332519531","18.041666030884"
"542.31927490234","6"
"544.78118896484","19.125"
"546.31958007812","6.013888835907"
"549.86169433594","10.125"
"549.88201904297","11.017857551575"
"551.07537841797","54.889705657959"
"552.00744628906","72.487899780273"
"552.02404785156","41.444442749023"
"552.03912353516","25.03125"
"552.05657958984","12.160714149475"
"552.53820800781","11.160714149475"
"552.94757080078","17.0178565979"
"560.73712158203","49.242645263672"
"560.75476074219","23.02499961853"
"560.78540039062","140.88481140137"
"560.84045410156","16.160715103149"
"560.85833740234","12.675000190735"
"560.87963867188","8.5625"
"561.16796875","48.446430206299"
"561.18328857422","22.0178565979"
"561.20770263672","5"
"561.79669189453","15.408333778381"
"561.81359863281","8.0416669845581"
"562.08142089844","85.080360412598"
"562.09564208984","35.571430206299"
"562.11218261719","24.347221374512"
"562.1298828125","10.013889312744"
"563.35919189453","25.57142829895"
"564.52484130859","12.041666984558"
"564.57055664062","6.0625"
"565.08764648438","29.125"
"565.10906982422","23.44642829895"
"565.29125976562","53.223682403564"
"565.32360839844","7.875"
"566.15191650391","81.698272705078"
"566.17974853516","19.799999237061"
"566.21179199219","7.4464287757874"
"567.88739013672","47.24568939209"
"567.90264892578","15"
"569.64538574219","5.125"
"569.66345214844","15"
"570.81219482422","17.0178565979"
"570.82873535156","8.0833330154419"
"571.49639892578","8.5625"
"575.21728515625","43.360294342041"
"575.24548339844","9"
"575.26635742188","6"
"578.32452392578","7.125"
"579.15728759766","136.88999938965"
"579.19354248047","23.013889312744"
"579.21154785156","13"
"579.24395751953","9.0113639831543"
"579.27685546875","7"
"580.93792724609","29.083333969116"
"580.96319580078","8.347222328186"
"581.16436767578","35.027778625488"
"581.18402099609","24.625"
"581.20562744141","12.556818008423"
"581.45452880859","12.25"
"582.37042236328","12.160714149475"
"586.37554931641","5.625"
"586.40301513672","20.200000762939"
"586.42395019531","8.0178575515747"
"589.04760742188","59.00431060791"
"589.0634765625","45.5"
"589.08142089844","20"
"590.48419189453","16.875"
"590.67327880859","24.57142829895"
"590.70416259766","17.5625"
"591.09539794922","14.666666984558"
"591.14538574219","83.125"
"591.17034912109","22"
"591.33520507812","6.0833334922791"
"592.15087890625","65.022727966309"
"592.16662597656","38.284091949463"
"592.19378662109","6.0416665077209"
"592.23809814453","19.778846740723"
"592.25622558594","9.125"
"592.43835449219","64.022727966309"
"592.48016357422","12.017857551575"
"593.17346191406","76.390625"
"593.21911621094","14.163461685181"
"594.15008544922","29.920454025269"
"594.19073486328","5.0416665077209"
"595.08123779297","17.285715103149"
"595.09777832031","10.125"
"598.16912841797","42.375"
"598.21246337891","9.3333330154419"
"598.32415771484","39.446430206299"
"598.349609375","21.799999237061"
"599.12536621094","12.017857551575"
"599.14398193359","7.75"
"599.93353271484","21.0178565979"
"599.95397949219","9.0249996185303"
"600.48657226562","11.050000190735"
"600.50897216797","18.25"
"601.29089355469","66.183822631836"
"602.38500976562","13.333333015442"
"602.53094482422","16.0625"
"603.12445068359","8.0625"
"604.30816650391","27"
"604.33209228516","7.0250000953674"
"604.64373779297","20.1428565979"
"606.18865966797","23.450000762939"
"607.1748046875","38.208332061768"
"609.02258300781","35.480770111084"
"609.04339599609","17"
"611.61865234375","25.059209823608"
"612.24670410156","32.166667938232"
"612.26446533203","14.22500038147"
"612.28039550781","6.0250000953674"
"612.70330810547","11.375"
"614.07165527344","58.693965911865"
"614.10046386719","9.25"
"614.50854492188","21.041666030884"
"616.23760986328","151.84027099609"
"616.2861328125","19"
"617.57531738281","36.291667938232"
"617.59613037109","13"
"619.24475097656","117.5"
"619.29443359375","8.25"
"619.80853271484","6"
"619.83386230469","29.086538314819"
"619.85748291016","9.2250003814697"
"621.09783935547","39.007354736328"
"621.13385009766","8.125"
"621.50109863281","66.100807189941"
"621.51678466797","37.471153259277"
"624.53540039062","7.375"
"625.98352050781","20.78125"
"626.00421142578","13"
"626.02593994141","6"
"627.55731201172","31.049999237061"
"627.57763671875","20.200000762939"
"627.59417724609","22.920454025269"
"627.61346435547","5.0250000953674"
"630.26000976562","14.625"
"631.04974365234","5.625"
"632.26342773438","27.125"
"632.28240966797","5.0416665077209"
"632.33166503906","20.360294342041"
"632.35784912109","12.0625"
"635.11737060547","34.049999237061"
"635.14422607422","19.160715103149"
"636.93237304688","51.53125"
"636.96319580078","21.920454025269"
"641.00909423828","13.892857551575"
"642.19805908203","65.025001525879"
"642.23785400391","12"
"642.25982666016","6.0178570747375"
"643.224609375","29.011363983154"
"646.69641113281","8.0113639831543"
"647.79077148438","44.339286804199"
"647.80889892578","8.2250003814697"
"648.97961425781","14.163461685181"
"650.19232177734","7.2249999046326"
"650.50860595703","23.450000762939"
"650.52685546875","24.160715103149"
"652.77172851562","15.059210777283"
"652.81475830078","17.556818008423"
"652.83312988281","5.2249999046326"
"654.39715576172","22.027778625488"
"655.00158691406","163.05682373047"
"655.07934570312","6.0250000953674"
"655.0986328125","11.25"
"655.35040283203","18.680555343628"
"658.5419921875","10.083333015442"
"661.47570800781","99.625"
"661.49627685547","49.347221374512"
"661.51910400391","23.375"
"661.54022216797","5"
"661.56701660156","6"
"665.24426269531","10.160714149475"
"665.80218505859","26.44642829895"
"665.83209228516","8"
"667.15142822266","123.04941558838"
"667.20227050781","18.125"
"667.21942138672","7.25"
"667.78936767578","32.5"
"667.82476806641","7.0416665077209"
"667.84631347656","5.0625"
"670.12298583984","32.471153259277"
"673.96051025391","70.408782958984"
"674.00067138672","15.25"
"674.03430175781","11.625"
"674.73773193359","9.0249996185303"
"675.1298828125","37"
"675.15655517578","19.0178565979"
"675.17950439453","7.0113635063171"
"676.39562988281","57.315788269043"
"676.41314697266","27.102272033691"
"676.45983886719","5.625"
"677.19635009766","11.75"
"677.97216796875","112.03629302979"
"678.03533935547","10"
"678.07727050781","7.2249999046326"
"679.19512939453","8.5625"
"679.32391357422","8.6805553436279"
"679.865234375","7.125"
"680.15600585938","28.408332824707"
"680.17260742188","29.041666030884"
"681.09240722656","102.09469604492"
"681.14123535156","5.0416665077209"
"683.17962646484","43.076923370361"
"683.20416259766","15.75"
"683.22961425781","108.375"
"683.28656005859","14.333333015442"
"685.08282470703","146.16667175293"
"685.10125732422","63"
"685.1240234375","27"
"685.15661621094","10.347222328186"
"685.17352294922","8.1607141494751"
"685.35998535156","46.075000762939"
"685.39691162109","5.0250000953674"
"687.05487060547","30.5625"
"687.07611083984","6"
"688.29669189453","30.027778625488"
"688.33343505859","6"
"689.76330566406","72.086540222168"
"689.80865478516","13.75"
"689.82916259766","14.008333206177"
"689.85192871094","8.0178575515747"
"689.86566162109","5.0178570747375"
"691.08905029297","61"
"691.13000488281","16.011363983154"
"691.16552734375","70.900001525879"
"691.18975830078","30.009614944458"
"691.21209716797","10.199999809265"
"692.12127685547","24.03125"
"692.38659667969","8.0625"
"692.46661376953","5.625"
"696.17584228516","22.25"
"700.14678955078","89.150001525879"
"700.18444824219","16.041666030884"
"700.21148681641","11.086538314819"
"701.97784423828","84"
"702.01196289062","21.799999237061"
"702.03887939453","12.125"
"702.06524658203","5.0250000953674"
"704.07818603516","5.0178570747375"
"704.095703125","11.25"
"707.05737304688","42.008335113525"
"707.08526611328","20.778846740723"
"707.28106689453","34.009616851807"
"709.60705566406","36.041667938232"
"709.68688964844","6.75"
"710.15179443359","59.568180084229"
"710.18365478516","23.450000762939"
"711.20001220703","87.326614379883"
"711.23132324219","16.041666030884"
"711.26043701172","5.0416665077209"
"712.03887939453","82.390625"
"712.05511474609","67.961959838867"
"712.07751464844","18.0625"
"712.11254882812","6.0833334922791"
"718.22985839844","11.556818008423"
"719.30810546875","97.017860412598"
"719.35668945312","7.2249999046326"
"719.39514160156","6"
"720.32037353516","5.25"
"720.8076171875","8.0416669845581"
"720.82293701172","8.125"
"723.84417724609","54.671295166016"
"723.87237548828","19.680555343628"
"723.89385986328","7.0113635063171"
"724.08471679688","34.125"
"724.10729980469","11.22500038147"
"725.13293457031","47"
"725.17272949219","26.875"
"725.1884765625","16.240385055542"
"725.21948242188","5.375"
"725.47918701172","5.0178570747375"
"728.20947265625","15.086538314819"
"728.228515625","6.0833334922791"
"728.49096679688","7.125"
"729.92169189453","5.0250000953674"
"730.21405029297","73.444999694824"
"730.24615478516","12.02499961853"
"731.65930175781","7"
"732.35577392578","48.416667938232"
"732.37451171875","20.240385055542"
"732.39385986328","10.125"
"733.23431396484","7"
"735.24865722656","60.125"
"735.27893066406","21.041666030884"
"737.67663574219","35.0178565979"
"737.70458984375","16.125"
"739.09918212891","69.599998474121"
"739.14465332031","7.0250000953674"
"739.16540527344","14.22500038147"
"744.33416748047","96.142860412598"
"744.36791992188","23.02499961853"
"745.26434326172","11.208333015442"
"745.83923339844","33.166667938232"
"745.87152099609","10"
"753.11517333984","8.4499998092651"
"753.21685791016","42.205001831055"
"753.25128173828","12.680555343628"
"754.23449707031","22.408332824707"
"756.23815917969","16.5"
"757.62072753906","28.200000762939"
"759.00988769531","5.2249999046326"
"759.06646728516","89.003784179688"
"759.10095214844","23.166666030884"
"759.13629150391","21.625"
"762.84832763672","10.041666984558"
"762.87762451172","15.778845787048"
"764.51818847656","8.0500001907349"
"764.53497314453","10.5"
"764.58099365234","19.1428565979"
"767.17608642578","25.086538314819"
"767.97393798828","20.285715103149"
"768.07678222656","15"
"768.10003662109","5.125"
"770.05261230469","59.224998474121"
"770.07122802734","36"
"770.93524169922","56.322368621826"
"770.96502685547","24.44642829895"
"770.99230957031","6.0625"
"772.58245849609","35.875"
"772.60284423828","8.125"
"772.62927246094","6.0416665077209"
"775.71636962891","25.086538314819"
"775.74597167969","5.0833334922791"
"777.10620117188","16"
"780.75555419922","18.347221374512"
"780.79229736328","7.125"
"781.24450683594","24.680555343628"
"781.26721191406","30.035715103149"
"781.29681396484","9.0416669845581"
"783.47845458984","23.083333969116"
"784.20782470703","14.02499961853"
"786.06988525391","11.5625"
"790.05102539062","67.008331298828"
"790.07824707031","21.408332824707"
"790.09979248047","7"
"790.50671386719","60.230770111084"
"790.53356933594","27.125"
"791.79437255859","36.125"
"791.81951904297","16"
"791.84448242188","12.199999809265"
"793.06774902344","20.284090042114"
"793.60968017578","20.02499961853"
"793.63763427734","9.125"
"794.07843017578","72.005950927734"
"794.09881591797","27.02499961853"
"794.11889648438","9.0625"
"794.15692138672","38.25"
"794.29742431641","9.625"
"794.36108398438","5.25"
"798.04309082031","11.333333015442"
"798.08654785156","14.625"
"798.10888671875","94.199996948242"
"798.15246582031","29.02499961853"
"800.66754150391","17"
"801.51818847656","7.125"
"802.63250732422","6.75"
"802.64898681641","87.796051025391"
"802.71618652344","7.25"
"803.6787109375","12"
"804.10211181641","70.014709472656"
"804.12591552734","27.22500038147"
"804.30426025391","13"
"805.14465332031","23.875"
"805.16754150391","5.0416665077209"
"806.26513671875","25.375"
"806.29943847656","9.125"
"806.99102783203","19.049999237061"
"807.01586914062","18.086538314819"
"807.49798583984","22.5625"
"809.11071777344","50.571430206299"
"809.13433837891","22.02499961853"
"809.158203125","14.778845787048"
"810.14123535156","15.041666984558"
"811.17938232422","5.375"
"811.47772216797","22.125"
"812.92858886719","44.148811340332"
"815.22778320312","48.674999237061"
"819.13653564453","16.78125"
"819.15808105469","10.556818008423"
"819.67449951172","5.1607141494751"
"824.01910400391","32.361110687256"
"824.05291748047","10.083333015442"
"825.20739746094","49.6875"
"825.22912597656","31.013889312744"
"826.20831298828","12.0625"
"827.79467773438","18.333333969116"
"829.19714355469","58.185607910156"
"829.23651123047","11.142857551575"
"830.23254394531","25.009614944458"
"830.25415039062","12.680555343628"
"831.59338378906","7.0416665077209"
"834.24407958984","9.75"
"839.52679443359","14.125"
"842.05230712891","36.0178565979"
"842.08819580078","10.25"
"845.00396728516","14.102272987366"
"845.95391845703","12.017857551575"
"845.97204589844","14.25"
"850.04052734375","26.008333206177"
"850.08123779297","5"
"851.63653564453","63.224998474121"
"851.68078613281","12.22500038147"
"857.78961181641","12.102272987366"
"861.17913818359","31"
"861.19995117188","15.050000190735"
"861.96020507812","15.199999809265"
"861.98333740234","8.4464282989502"
"862.70550537109","19.22500038147"
"862.72961425781","9"
"863.673828125","9"
"865.20129394531","9.75"
"865.21667480469","9.25"
"865.31085205078","5.625"
"867.21710205078","49.24568939209"
"867.25579833984","8.1607141494751"
"868.20965576172","42.625"
"868.24560546875","24.347221374512"
"868.64331054688","5.625"
"869.48529052734","18.799999237061"
"870.28253173828","5.0178570747375"
"870.89782714844","40.071430206299"
"870.92138671875","11.333333015442"
"872.16790771484","87.041664123535"
"872.19018554688","43.165538787842"
"876.06170654297","15.125"
"876.25024414062","33.75"
"876.27801513672","12.0625"
"876.46960449219","16.0625"
"878.39013671875","5.25"
"878.96496582031","8.0138893127441"
"880.26434326172","42.291667938232"
"880.30456542969","11.06617641449"
"882.96496582031","43.440216064453"
"882.99200439453","109.00499725342"
"883.02618408203","31.680555343628"
"883.04876708984","18"
"883.08123779297","52.889705657959"
"883.11431884766","26.471153259277"
"883.19329833984","5"
"884.21771240234","81.722221374512"
"884.24633789062","30.102272033691"
"885.11450195312","52.041667938232"
"885.14630126953","15.017857551575"
"885.16766357422","6.125"
"891.32275390625","58.125"
"891.34167480469","67.654411315918"
"891.3662109375","32.625"
"891.40966796875","11.125"
"891.45349121094","7.2249999046326"
"892.01794433594","14.102272987366"
"893.1865234375","6.125"
"897.19903564453","58.595588684082"
"897.23236083984","36.337963104248"
"897.25274658203","16.450000762939"
"897.30633544922","5.125"
"898.35455322266","12.778845787048"
"906.43481445312","15.0625"
"906.45251464844","14.208333015442"
"906.69787597656","53.090908050537"
"906.71697998047","37.777778625488"
"906.73846435547","11.44642829895"
"906.76641845703","7"
"907.13787841797","10"
"907.31182861328","7.5625"
"909.24920654297","73.720237731934"
"909.29479980469","13"
"909.31793212891","5.3333334922791"
"909.8681640625","30.0178565979"
"910.42657470703","8.0625"
"911.20593261719","36.799999237061"
"911.26440429688","12.160714149475"
"912.79217529297","11.086538314819"
"913.02856445312","12.050000190735"
"913.07794189453","8.875"
"914.03802490234","35.450000762939"
"914.07330322266","10"
"915.26330566406","23.125"
"915.48138427734","5.0833334922791"
"916.46984863281","10.011363983154"
"918.11688232422","80.034088134766"
"918.17462158203","13.142857551575"
"920.64483642578","12.102272987366"
"920.66528320312","13.160714149475"
"921.70489501953","120.01249694824"
"921.74462890625","32.408332824707"
"921.76873779297","13.57142829895"
"921.79986572266","6.1607141494751"
"922.01019287109","3136.9250488281"
"922.10095214844","171.68640136719"
"922.13012695312","45.224998474121"
"922.15539550781","57.285713195801"
"922.18975830078","69"
"922.24224853516","10.083333015442"
"922.25885009766","22.111110687256"
"922.28009033203","7.0833334922791"
"922.39031982422","20.4821434021"
"922.4169921875","67.003570556641"
"922.44836425781","9.0625"
"922.51977539062","20"
"922.54443359375","5.0416665077209"
"922.65960693359","45"
"922.70050048828","41.444442749023"
"922.71887207031","9.0625"
"922.76580810547","13.375"
"922.82458496094","25.284090042114"
"922.84698486328","25.875"
"922.93054199219","37.674999237061"
"923.01397705078","1068.4129638672"
"923.08087158203","52.090908050537"
"923.11614990234","16.625"
"923.14514160156","12.086538314819"
"923.18182373047","40.0178565979"
"923.21423339844","19.532894134521"
"923.29876708984","26.075000762939"
"923.46362304688","31.805000305176"
"923.48858642578","17.041666030884"
"923.66778564453","6.0625"
"923.70422363281","8.347222328186"
"923.72436523438","8.5625"
"923.94586181641","15.013889312744"
"924.01348876953","300.17498779297"
"924.06658935547","42.75"
"924.09399414062","17.008333206177"
"924.19653320312","44.458332061768"
"924.21643066406","30.266304016113"
"924.23809814453","15.074999809265"
"924.46026611328","6.0625"
"924.52362060547","7.0833334922791"
"924.56518554688","7.1607141494751"
"924.61431884766","42.400001525879"
"924.65270996094","6.625"
"925.19421386719","6"
"925.33862304688","31.5625"
"925.36212158203","24.595588684082"
"926.36700439453","14.02499961853"
"927.67907714844","51.035713195801"
"927.70581054688","16"
"928.14508056641","7.0178570747375"
"928.16986083984","9.5625"
"931.47680664062","6.0833334922791"
"932.11773681641","64.326614379883"
"932.17694091797","5"
"932.22113037109","6.625"
"934.03472900391","57.083332061768"
"934.06555175781","17.049999237061"
"936.07922363281","6.1607141494751"
"938.17578125","35.322368621826"
"942.96368408203","25.049999237061"
"943.12969970703","11.009614944458"
"950.21752929688","94.132354736328"
"950.28082275391","12.125"
"950.31439208984","14.125"
"952.22180175781","25.230770111084"
"952.24285888672","136.18939208984"
"952.27966308594","32.0178565979"
"952.32800292969","6.0833334922791"
"952.52618408203","22.013889312744"
"953.06280517578","7.013888835907"
"955.07293701172","79.090911865234"
"955.10028076172","39.5"
"955.15008544922","10.050000190735"
"956.33062744141","34.166667938232"
"956.3720703125","15.017857551575"
"956.41290283203","13.0625"
"957.73968505859","10"
"957.76654052734","5.0178570747375"
"958.06921386719","24.333333969116"
"958.09490966797","44.03125"
"958.12622070312","15.02499961853"
"958.15789794922","6.125"
"959.96722412109","63.100807189941"
"960.01910400391","8.0178575515747"
"964.90936279297","47.111110687256"
"964.93029785156","24"
"964.9755859375","37.008335113525"
"964.99420166016","22.083333969116"
"967.30633544922","18.049999237061"
"968.97149658203","37.125"
"969.00006103516","18.44642829895"
"970.53436279297","11"
"971.04711914062","82.446426391602"
"971.0810546875","21"
"971.10809326172","7"
"971.93658447266","5.1607141494751"
"972.12109375","116.13031768799"
"972.17407226562","13.041666984558"
"972.29400634766","6.013888835907"
"972.41229248047","10.041666984558"
"973.13745117188","177.125"
"973.21392822266","19.200000762939"
"973.23522949219","8.4464282989502"
"973.28015136719","6.013888835907"
"974.32690429688","52.086540222168"
"974.37463378906","8.125"
"974.42401123047","7.013888835907"
"974.62689208984","18.799999237061"
"974.66265869141","7"
"976.13012695312","6.375"
"980.25579833984","16.125"
"980.28668212891","9"
"982.37280273438","5.2249999046326"
"983.18975830078","56.28125"
"983.24505615234","5"
"984.88446044922","11.041666984558"
"987.23193359375","10.083333015442"
"987.26867675781","8.0833330154419"
"992.97833251953","21.799999237061"
"993.02966308594","6.3333334922791"
"994.82025146484","7.2249999046326"
"995.23236083984","52.03125"
"995.25988769531","36.038791656494"
"995.28283691406","14.375"
"996.22125244141","44.005950927734"
"997.75103759766","19.57142829895"
"997.79272460938","5.2249999046326"
"997.85394287109","95.008331298828"
"997.93109130859","10.0625"
"997.96942138672","6.0833334922791"
"1000.7028808594","21.680555343628"
"1002.9602661133","47.889705657959"
"1003.0067749023","39.284091949463"
"1003.0277709961","41.242645263672"
"1003.0559692383","20.5"
"1003.0891723633","7.4464287757874"
"1005.4639892578","9.4499998092651"
"1005.4851074219","6.0250000953674"
"1005.5311279297","38.148811340332"
"1009.6654663086","21.25"
"1009.7368774414","9.0500001907349"
"1011.9460449219","8.1999998092651"
"1012.774597168","10.02499961853"
"1014.1913452148","15.013889312744"
"1017.1348266602","70.625"
"1017.16015625","54.163459777832"
"1017.1792602539","41.450000762939"
"1017.5755615234","66.941177368164"
"1017.5952758789","38.166667938232"
"1019.1879882812","32.111110687256"
"1021.3187866211","101.52155303955"
"1021.3544311523","33.285713195801"
"1021.3804931641","19.160715103149"
"1021.4469604492","6.2249999046326"
"1024.8310546875","37.284091949463"
"1028.0372314453","17.086538314819"
"1028.0700683594","8.0416669845581"
"1028.2286376953","27.625"
"1028.9185791016","12.875"
"1030.0375976562","37.444442749023"
"1031.2060546875","12.449999809265"
"1031.6634521484","57.78125"
"1031.7252197266","5.125"
"1033.22265625","50.102272033691"
"1033.3673095703","5.0178570747375"
"1034.1147460938","75.720237731934"
"1034.13671875","39.375"
"1034.1599121094","19.125"
"1035.7750244141","12"
"1036.2351074219","38.224998474121"
"1036.2553710938","19.25"
"1036.2778320312","5.125"
"1037.1413574219","114.08333587646"
"1041.0490722656","15.142857551575"
"1041.0921630859","7.0416665077209"
"1041.1134033203","5.125"
"1041.2969970703","36.720237731934"
"1041.3319091797","6.625"
"1042.2061767578","68.693962097168"
"1042.2493896484","31.083333969116"
"1042.2935791016","8"
"1045.5889892578","12.02499961853"
"1049.3131103516","15.875"
"1049.3553466797","10.041666984558"
"1049.5018310547","11.013889312744"
"1050.0363769531","10"
"1050.0659179688","10.125"
"1050.0881347656","7.0416665077209"
"1052.8200683594","11.083333015442"
"1056.0594482422","79.640151977539"
"1056.1007080078","21.284090042114"
"1056.1257324219","9.0416669845581"
"1058.1306152344","109.78240966797"
"1058.1915283203","14.017857551575"
"1058.2174072266","7.625"
"1060.2578125","13.680555343628"
"1062.2778320312","77.800003051758"
"1062.3203125","17.083333969116"
"1062.3442382812","10.125"
"1064.0772705078","14.009614944458"
"1064.0997314453","6.0833334922791"
"1066.0728759766","92.065788269043"
"1066.1065673828","65.086540222168"
"1066.1505126953","12.25"
"1066.1877441406","22.200000762939"
"1066.2214355469","11.083333015442"
"1066.2487792969","10.142857551575"
"1068.2700195312","28.568181991577"
"1069.6733398438","6.2249999046326"
"1072.3153076172","28.011363983154"
"1072.3511962891","14.666666984558"
"1072.7523193359","29.25"
"1073.0803222656","34.720237731934"
"1073.0991210938","26.375"
"1073.1228027344","18.595588684082"
"1075.0344238281","15.375"
"1076.2276611328","33.013889312744"
"1076.2552490234","8.0249996185303"
"1077.1691894531","98.556037902832"
"1077.2391357422","16.375"
"1077.2762451172","7.0178570747375"
"1077.3511962891","5.2249999046326"
"1080.7589111328","10.680555343628"
"1081.1800537109","22.013889312744"
"1083.6772460938","8.125"
"1085.3266601562","41.595588684082"
"1085.3536376953","22"
"1086.57421875","43.440216064453"
"1086.61328125","9.0625"
"1086.8297119141","24.125"
"1087.3024902344","16.163461685181"
"1089.3355712891","9.4499998092651"
"1089.4809570312","7.5"
"1090.7766113281","29.60000038147"
"1090.7989501953","12.125"
"1090.8203125","10"
"1091.2548828125","23.25"
"1091.2896728516","14.050000190735"
"1092.0723876953","53.25"
"1092.1083984375","8.625"
"1094.0545654297","67.339286804199"
"1095.2073974609","25.086538314819"
"1095.2509765625","8.875"
"1096.1232910156","100.57094573975"
"1096.1502685547","23.125"
"1097.0660400391","9.2840909957886"
